,ride_id,user_id,join_date
0,0,509,2022-05-26
1,1,343,2022-11-30
2,2,975,2022-12-28
3,3,773,2022-01-23
4,4,556,2022-06-28
5,5,540,2022-05-04
6,6,279,2022-07-06
7,7,355,2022-08-22
8,8,557,2022-05-13
9,9,106,2022-10-14
10,10,640,2022-02-07
11,11,892,2022-08-07
12,12,928,2022-03-05
13,13,674,2022-10-11
14,14,139,2022-04-27
15,15,167,2022-09-25
16,16,271,2022-06-04
17,17,427,2022-02-13
18,18,549,2022-06-09
19,19,183,2022-12-18
20,20,75,2022-08-02
21,21,822,2022-06-27
22,22,205,2022-12-14
23,23,471,2022-09-21
24,24,996,2022-10-24
25,25,976,2022-02-01
26,26,812,2022-09-24
27,27,493,2022-11-27
28,28,205,2022-04-24
29,29,961,2022-07-27
30,30,192,2022-04-22
31,31,213,2022-02-16
32,32,894,2022-01-01
33,33,856,2022-02-19
34,34,287,2022-11-20
35,35,407,2022-04-06
36,36,900,2022-08-08
37,37,313,2022-08-15
38,38,896,2022-10-04
39,39,570,2022-05-07
40,40,895,2022-12-25
41,41,164,2022-04-27
42,42,338,2022-09-21
43,43,519,2022-12-16
44,44,421,2022-04-12
45,45,781,2022-05-28
46,46,415,2022-07-09
47,47,706,2022-12-12
48,48,163,2022-12-11
49,49,546,2022-07-15
50,50,652,2022-08-27
51,51,145,2022-06-18
52,52,366,2022-12-31
53,53,641,2022-06-19
54,54,223,2022-12-30
55,55,114,2022-03-20
56,56,965,2022-10-19
57,57,162,2022-07-01
58,58,848,2022-04-25
59,59,387,2022-01-21
60,60,558,2022-11-12
61,61,134,2022-11-05
62,62,622,2022-09-26
63,63,674,2022-03-05
64,64,39,2022-12-09
65,65,73,2022-11-05
66,66,569,2022-02-08
67,67,511,2022-01-15
68,68,816,2022-06-10
69,69,902,2022-02-16
70,70,651,2022-08-27
71,71,166,2022-12-14
72,72,353,2022-09-26
73,73,657,2022-04-08
74,74,398,2022-05-23
75,75,145,2022-03-13
76,76,209,2022-04-06
77,77,828,2022-06-29
78,78,905,2022-12-20
79,79,993,2022-06-27
80,80,235,2022-05-10
81,81,212,2022-06-28
82,82,737,2022-11-22
83,83,393,2022-03-10
84,84,789,2022-01-09
85,85,991,2022-05-25
86,86,668,2022-12-26
87,87,310,2022-08-08
88,88,471,2022-10-13
89,89,904,2022-01-23
90,90,559,2022-08-03
91,91,5,2022-10-11
92,92,77,2022-09-24
93,93,135,2022-03-11
94,94,908,2022-07-23
95,95,651,2022-02-22
96,96,446,2022-02-06
97,97,269,2022-02-25
98,98,781,2022-05-23
99,99,626,2022-08-11
100,100,568,2022-09-03
101,101,229,2022-06-18
102,102,66,2022-09-19
103,103,950,2022-10-02
104,104,657,2022-10-03
105,105,425,2022-08-29
106,106,448,2022-08-07
107,107,676,2022-04-17
108,108,766,2022-11-10
109,109,420,2022-04-01
110,110,407,2022-03-05
111,111,588,2022-03-30
112,112,830,2022-12-26
113,113,134,2022-10-22
114,114,441,2022-10-19
115,115,482,2022-02-01
116,116,489,2022-12-01
117,117,153,2022-02-28
118,118,550,2022-06-29
119,119,175,2022-08-11
120,120,651,2022-09-18
121,121,935,2022-09-20
122,122,684,2022-02-03
123,123,517,2022-02-06
124,124,548,2022-10-28
125,125,783,2022-10-06
126,126,454,2022-06-24
127,127,242,2022-08-09
128,128,58,2022-05-29
129,129,200,2022-11-29
130,130,877,2022-12-01
131,131,844,2022-05-11
132,132,452,2022-12-31
133,133,342,2022-04-12
134,134,196,2022-09-23
135,135,276,2022-07-02
136,136,27,2022-09-23
137,137,501,2022-06-24
138,138,406,2022-05-18
139,139,423,2022-01-12
140,140,329,2022-05-19
141,141,357,2022-08-22
142,142,907,2022-01-30
143,143,158,2022-12-25
144,144,254,2022-04-25
145,145,788,2022-08-02
146,146,726,2022-06-11
147,147,9,2022-09-16
148,148,107,2022-02-21
149,149,885,2022-05-10
150,150,516,2022-08-13
151,151,589,2022-05-05
152,152,796,2022-03-27
153,153,443,2022-02-09
154,154,516,2022-01-18
155,155,792,2022-04-22
156,156,63,2022-10-25
157,157,722,2022-03-25
158,158,618,2022-04-17
159,159,785,2022-05-16
160,160,320,2022-03-28
161,161,877,2022-03-26
162,162,901,2022-10-24
163,163,741,2022-08-01
164,164,661,2022-12-09
165,165,655,2022-04-20
166,166,323,2022-04-24
167,167,534,2022-11-27
168,168,469,2022-02-14
169,169,925,2022-08-23
170,170,192,2022-04-05
171,171,187,2022-05-03
172,172,982,2022-01-21
173,173,505,2022-09-19
174,174,528,2022-10-26
175,175,576,2022-12-02
176,176,780,2022-06-06
177,177,877,2022-07-05
178,178,700,2022-07-14
179,179,279,2022-07-02
180,180,869,2022-09-02
181,181,228,2022-10-12
182,182,940,2022-01-28
183,183,400,2022-01-26
184,184,815,2022-09-03
185,185,592,2022-10-11
186,186,243,2022-08-14
187,187,832,2022-06-07
188,188,227,2022-04-29
189,189,519,2022-04-26
190,190,622,2022-04-22
191,191,941,2022-02-14
192,192,645,2022-05-23
193,193,304,2022-04-28
194,194,142,2022-05-18
195,195,302,2022-07-21
196,196,604,2022-02-22
197,197,559,2022-06-10
198,198,920,2022-02-23
199,199,567,2022-10-20
200,200,243,2022-04-21
201,201,11,2022-12-03
202,202,449,2022-07-16
203,203,857,2022-01-23
204,204,806,2022-06-08
205,205,4,2022-09-21
206,206,181,2022-07-21
207,207,134,2022-07-07
208,208,908,2022-02-23
209,209,219,2022-12-31
210,210,351,2022-12-05
211,211,4,2022-12-10
212,212,184,2022-01-28
213,213,712,2022-04-15
214,214,285,2022-08-06
215,215,864,2022-04-01
216,216,394,2022-07-08
217,217,659,2022-10-16
218,218,471,2022-09-21
219,219,5,2022-03-19
220,220,903,2022-05-04
221,221,40,2022-04-17
222,222,627,2022-06-21
223,223,895,2022-06-15
224,224,802,2022-07-08
225,225,39,2022-09-27
226,226,128,2022-01-10
227,227,619,2022-09-04
228,228,925,2022-11-16
229,229,80,2022-09-29
230,230,315,2022-03-03
231,231,448,2022-08-01
232,232,676,2022-06-24
233,233,73,2022-09-15
234,234,771,2022-10-30
235,235,657,2022-05-23
236,236,298,2022-08-27
237,237,118,2022-12-26
238,238,267,2022-05-26
239,239,502,2022-01-05
240,240,842,2022-12-03
241,241,976,2022-10-15
242,242,841,2022-08-15
243,243,407,2022-03-10
244,244,237,2022-08-13
245,245,767,2022-11-17
246,246,114,2022-10-05
247,247,628,2022-07-16
248,248,925,2022-03-01
249,249,928,2022-09-07
250,250,621,2022-08-16
251,251,312,2022-01-11
252,252,547,2022-02-26
253,253,969,2022-10-27
254,254,927,2022-06-21
255,255,130,2022-04-21
256,256,109,2022-03-06
257,257,36,2022-07-12
258,258,196,2022-02-20
259,259,53,2022-02-08
260,260,811,2022-04-07
261,261,117,2022-01-14
262,262,381,2022-03-25
263,263,739,2022-02-18
264,264,432,2022-07-23
265,265,287,2022-03-13
266,266,928,2022-03-28
267,267,945,2022-04-11
268,268,91,2022-05-31
269,269,311,2022-07-07
270,270,850,2022-01-06
271,271,553,2022-01-23
272,272,216,2022-11-14
273,273,846,2022-11-17
274,274,807,2022-01-31
275,275,901,2022-05-04
276,276,961,2022-06-10
277,277,616,2022-11-06
278,278,649,2022-12-02
279,279,602,2022-07-16
280,280,715,2022-08-06
281,281,309,2022-02-14
282,282,910,2022-12-21
283,283,725,2022-12-25
284,284,628,2022-02-25
285,285,826,2022-01-23
286,286,313,2022-06-07
287,287,599,2022-02-18
288,288,437,2022-03-28
289,289,162,2022-03-18
290,290,69,2022-06-17
291,291,798,2022-09-13
292,292,516,2022-12-05
293,293,365,2022-04-10
294,294,655,2022-06-15
295,295,389,2022-01-12
296,296,609,2022-04-18
297,297,283,2022-07-17
298,298,620,2022-10-12
299,299,226,2022-05-25
300,300,702,2022-09-01
301,301,213,2022-12-22
302,302,758,2022-09-03
303,303,852,2022-12-25
304,304,338,2022-06-08
305,305,259,2022-08-30
306,306,311,2022-12-31
307,307,557,2022-07-22
308,308,934,2022-07-25
309,309,227,2022-04-23
310,310,922,2022-06-11
311,311,980,2022-07-22
312,312,524,2022-10-27
313,313,404,2022-08-05
314,314,323,2022-04-20
315,315,814,2022-12-18
316,316,291,2022-03-20
317,317,481,2022-02-09
318,318,977,2022-06-19
319,319,311,2022-02-28
320,320,430,2022-07-03
321,321,384,2022-03-04
322,322,112,2022-05-24
323,323,297,2022-12-19
324,324,142,2022-03-26
325,325,363,2022-05-06
326,326,289,2022-11-15
327,327,393,2022-07-28
328,328,166,2022-06-29
329,329,466,2022-01-08
330,330,244,2022-08-28
331,331,909,2022-11-01
332,332,978,2022-04-14
333,333,996,2022-07-14
334,334,683,2022-05-13
335,335,990,2022-09-21
336,336,173,2022-08-23
337,337,721,2022-07-07
338,338,726,2022-05-11
339,339,661,2022-12-05
340,340,233,2022-05-13
341,341,990,2022-05-16
342,342,110,2022-11-27
343,343,476,2022-06-21
344,344,725,2022-10-11
345,345,570,2022-05-17
346,346,604,2022-08-07
347,347,385,2022-11-05
348,348,703,2022-10-02
349,349,681,2022-08-02
350,350,704,2022-12-31
351,351,162,2022-01-18
352,352,596,2022-08-30
353,353,286,2022-05-30
354,354,64,2022-10-13
355,355,478,2022-11-01
356,356,837,2022-05-10
357,357,876,2022-07-14
358,358,103,2022-05-24
359,359,688,2022-02-08
360,360,34,2022-08-17
361,361,612,2022-01-05
362,362,871,2022-06-18
363,363,654,2022-11-24
364,364,222,2022-02-15
365,365,314,2022-09-04
366,366,137,2022-12-26
367,367,18,2022-12-07
368,368,207,2022-11-06
369,369,496,2022-03-16
370,370,732,2022-04-17
371,371,785,2022-08-13
372,372,475,2022-05-28
373,373,678,2022-05-16
374,374,740,2022-05-01
375,375,938,2022-06-05
376,376,458,2022-01-15
377,377,824,2022-11-26
378,378,932,2022-05-20
379,379,479,2022-05-10
380,380,7,2022-02-26
381,381,137,2022-09-01
382,382,262,2022-11-03
383,383,63,2022-05-24
384,384,248,2022-10-16
385,385,497,2022-08-06
386,386,781,2022-10-05
387,387,91,2022-09-09
388,388,512,2022-02-18
389,389,335,2022-10-21
390,390,360,2022-08-02
391,391,162,2022-07-05
392,392,746,2022-01-18
393,393,452,2022-01-14
394,394,840,2022-04-28
395,395,8,2022-01-01
396,396,598,2022-04-29
397,397,907,2022-05-24
398,398,90,2022-08-07
399,399,403,2022-03-29
400,400,691,2022-07-20
401,401,979,2022-02-21
402,402,721,2022-02-15
403,403,860,2022-06-30
404,404,351,2022-07-03
405,405,374,2022-03-30
406,406,84,2022-06-12
407,407,538,2022-03-17
408,408,431,2022-05-03
409,409,325,2022-11-17
410,410,57,2022-10-05
411,411,102,2022-01-26
412,412,328,2022-07-19
413,413,69,2022-04-27
414,414,181,2022-06-13
415,415,941,2022-02-24
416,416,658,2022-11-20
417,417,364,2022-02-10
418,418,158,2022-09-26
419,419,533,2022-01-15
420,420,639,2022-05-17
421,421,155,2022-02-12
422,422,932,2022-03-10
423,423,568,2022-01-02
424,424,99,2022-08-24
425,425,208,2022-12-26
426,426,213,2022-10-25
427,427,480,2022-03-29
428,428,660,2022-03-24
429,429,838,2022-02-14
430,430,22,2022-08-04
431,431,797,2022-12-03
432,432,267,2022-04-13
433,433,413,2022-02-20
434,434,201,2022-09-24
435,435,398,2022-04-11
436,436,28,2022-02-28
437,437,98,2022-11-07
438,438,479,2022-05-17
439,439,535,2022-04-16
440,440,586,2022-09-22
441,441,587,2022-06-12
442,442,155,2022-06-28
443,443,80,2022-11-23
444,444,854,2022-03-18
445,445,194,2022-12-16
446,446,93,2022-06-29
447,447,649,2022-10-28
448,448,749,2022-03-18
449,449,800,2022-03-28
450,450,854,2022-12-25
451,451,490,2022-09-28
452,452,717,2022-03-16
453,453,982,2022-09-11
454,454,342,2022-04-23
455,455,759,2022-07-01
456,456,5,2022-03-21
457,457,234,2022-11-11
458,458,252,2022-10-18
459,459,358,2022-03-23
460,460,506,2022-04-09
461,461,131,2022-10-11
462,462,99,2022-10-25
463,463,251,2022-10-03
464,464,726,2022-11-09
465,465,247,2022-08-20
466,466,474,2022-04-27
467,467,464,2022-08-24
468,468,700,2022-03-06
469,469,366,2022-08-03
470,470,58,2022-01-01
471,471,144,2022-10-15
472,472,865,2022-06-17
473,473,590,2022-04-14
474,474,398,2022-12-19
475,475,630,2022-12-05
476,476,957,2022-09-23
477,477,426,2022-04-20
478,478,532,2022-02-15
479,479,685,2022-02-19
480,480,71,2022-11-27
481,481,868,2022-01-14
482,482,308,2022-11-08
483,483,535,2022-10-08
484,484,69,2022-02-05
485,485,481,2022-06-28
486,486,787,2022-02-13
487,487,282,2022-10-22
488,488,238,2022-11-02
489,489,928,2022-02-21
490,490,605,2022-03-08
491,491,699,2022-05-20
492,492,646,2022-08-13
493,493,404,2022-08-10
494,494,593,2022-10-26
495,495,397,2022-07-16
496,496,337,2022-10-23
497,497,909,2022-09-09
498,498,519,2022-05-18
499,499,137,2022-05-13
500,500,160,2022-02-15
501,501,522,2022-04-19
502,502,214,2022-08-11
503,503,905,2022-09-16
504,504,436,2022-03-04
505,505,286,2022-07-06
506,506,446,2022-08-09
507,507,536,2022-02-28
508,508,563,2022-11-29
509,509,248,2022-12-24
510,510,466,2022-07-01
511,511,764,2022-12-26
512,512,900,2022-03-10
513,513,527,2022-10-04
514,514,644,2022-01-24
515,515,319,2022-05-19
516,516,159,2022-11-21
517,517,732,2022-08-08
518,518,370,2022-06-24
519,519,996,2022-06-23
520,520,577,2022-09-29
521,521,623,2022-04-25
522,522,892,2022-05-13
523,523,799,2022-01-16
524,524,254,2022-07-20
525,525,992,2022-06-14
526,526,727,2022-11-06
527,527,580,2022-08-03
528,528,902,2022-08-23
529,529,2,2022-08-26
530,530,793,2022-10-11
531,531,448,2022-01-21
532,532,290,2022-12-26
533,533,797,2022-09-12
534,534,679,2022-04-09
535,535,884,2022-01-06
536,536,380,2022-05-05
537,537,20,2022-08-30
538,538,287,2022-07-09
539,539,381,2022-01-30
540,540,887,2022-04-02
541,541,255,2022-09-05
542,542,830,2022-11-22
543,543,325,2022-03-05
544,544,655,2022-07-29
545,545,380,2022-07-26
546,546,786,2022-06-07
547,547,841,2022-11-13
548,548,571,2022-03-24
549,549,330,2022-04-29
550,550,225,2022-08-07
551,551,511,2022-03-25
552,552,48,2022-06-27
553,553,763,2022-01-13
554,554,326,2022-08-31
555,555,123,2022-08-16
556,556,849,2022-01-31
557,557,902,2022-09-26
558,558,982,2022-08-14
559,559,823,2022-05-21
560,560,783,2022-06-22
561,561,426,2022-08-08
562,562,211,2022-02-25
563,563,182,2022-07-03
564,564,817,2022-05-29
565,565,432,2022-06-11
566,566,402,2022-02-03
567,567,421,2022-02-12
568,568,956,2022-09-14
569,569,98,2022-11-03
570,570,488,2022-09-09
571,571,701,2022-02-18
572,572,554,2022-06-30
573,573,139,2022-12-10
574,574,120,2022-12-01
575,575,631,2022-08-11
576,576,303,2022-11-23
577,577,576,2022-09-23
578,578,967,2022-04-13
579,579,497,2022-04-27
580,580,277,2022-04-17
581,581,107,2022-07-09
582,582,327,2022-10-14
583,583,352,2022-02-28
584,584,921,2022-11-09
585,585,251,2022-10-13
586,586,609,2022-09-17
587,587,336,2022-03-11
588,588,22,2022-05-23
589,589,830,2022-09-11
590,590,281,2022-10-25
591,591,741,2022-12-29
592,592,956,2022-08-10
593,593,146,2022-06-14
594,594,517,2022-07-17
595,595,563,2022-05-12
596,596,494,2022-01-21
597,597,233,2022-07-12
598,598,769,2022-07-05
599,599,89,2022-11-18
600,600,543,2022-02-12
601,601,359,2022-09-15
602,602,861,2022-08-04
603,603,793,2022-01-29
604,604,408,2022-04-10
605,605,289,2022-02-19
606,606,744,2022-07-19
607,607,492,2022-10-25
608,608,258,2022-01-25
609,609,507,2022-02-28
610,610,45,2022-11-06
611,611,881,2022-02-19
612,612,537,2022-01-10
613,613,888,2022-09-29
614,614,148,2022-08-21
615,615,712,2022-05-07
616,616,30,2022-07-20
617,617,798,2022-03-19
618,618,829,2022-06-21
619,619,670,2022-11-01
620,620,317,2022-08-07
621,621,409,2022-01-20
622,622,371,2022-10-20
623,623,736,2022-11-11
624,624,625,2022-08-16
625,625,827,2022-12-26
626,626,604,2022-12-22
627,627,756,2022-01-22
628,628,536,2022-05-27
629,629,883,2022-11-24
630,630,377,2022-05-22
631,631,799,2022-11-04
632,632,773,2022-07-12
633,633,525,2022-06-04
634,634,617,2022-09-21
635,635,162,2022-04-05
636,636,209,2022-06-11
637,637,636,2022-04-20
638,638,249,2022-03-03
639,639,734,2022-04-30
640,640,200,2022-03-24
641,641,379,2022-01-29
642,642,301,2022-12-12
643,643,294,2022-07-27
644,644,385,2022-09-17
645,645,287,2022-11-11
646,646,14,2022-01-14
647,647,258,2022-05-22
648,648,224,2022-10-05
649,649,761,2022-11-10
650,650,352,2022-04-25
651,651,369,2022-11-28
652,652,313,2022-03-26
653,653,838,2022-03-12
654,654,157,2022-03-12
655,655,640,2022-09-25
656,656,613,2022-11-02
657,657,479,2022-02-18
658,658,51,2022-09-14
659,659,580,2022-07-03
660,660,973,2022-03-23
661,661,125,2022-05-29
662,662,793,2022-05-13
663,663,912,2022-03-16
664,664,913,2022-01-05
665,665,603,2022-02-05
666,666,972,2022-02-17
667,667,542,2022-06-27
668,668,423,2022-12-02
669,669,348,2022-09-14
670,670,640,2022-12-03
671,671,836,2022-11-03
672,672,765,2022-09-25
673,673,495,2022-04-28
674,674,972,2022-11-16
675,675,205,2022-09-22
676,676,786,2022-06-02
677,677,10,2022-12-23
678,678,158,2022-02-22
679,679,474,2022-10-05
680,680,805,2022-05-14
681,681,220,2022-07-03
682,682,444,2022-02-27
683,683,426,2022-05-17
684,684,559,2022-10-14
685,685,577,2022-02-20
686,686,903,2022-08-09
687,687,721,2022-12-07
688,688,326,2022-01-14
689,689,783,2022-09-24
690,690,533,2022-07-07
691,691,219,2022-09-09
692,692,46,2022-05-31
693,693,868,2022-12-07
694,694,870,2022-02-05
695,695,515,2022-10-11
696,696,522,2022-04-05
697,697,623,2022-10-18
698,698,451,2022-04-06
699,699,655,2022-10-12
700,700,784,2022-03-09
701,701,60,2022-12-30
702,702,325,2022-08-30
703,703,802,2022-05-19
704,704,116,2022-06-08
705,705,650,2022-09-23
706,706,553,2022-08-24
707,707,267,2022-10-06
708,708,343,2022-09-10
709,709,655,2022-10-03
710,710,86,2022-07-09
711,711,745,2022-12-12
712,712,611,2022-12-19
713,713,470,2022-04-09
714,714,444,2022-01-15
715,715,769,2022-06-04
716,716,116,2022-11-24
717,717,188,2022-05-17
718,718,805,2022-04-30
719,719,91,2022-02-27
720,720,60,2022-09-14
721,721,210,2022-11-14
722,722,469,2022-08-23
723,723,237,2022-03-23
724,724,583,2022-06-24
725,725,315,2022-12-04
726,726,225,2022-03-30
727,727,377,2022-11-15
728,728,840,2022-07-27
729,729,698,2022-08-23
730,730,54,2022-01-05
731,731,945,2022-06-05
732,732,261,2022-01-22
733,733,466,2022-09-20
734,734,814,2022-07-27
735,735,514,2022-09-22
736,736,794,2022-08-01
737,737,949,2022-11-03
738,738,872,2022-07-12
739,739,587,2022-10-19
740,740,220,2022-11-24
741,741,436,2022-09-09
742,742,456,2022-02-05
743,743,357,2022-01-24
744,744,881,2022-09-10
745,745,844,2022-09-01
746,746,378,2022-08-07
747,747,379,2022-05-10
748,748,513,2022-12-09
749,749,651,2022-04-26
750,750,962,2022-05-27
751,751,843,2022-09-08
752,752,911,2022-01-29
753,753,979,2022-03-12
754,754,745,2022-08-20
755,755,12,2022-07-25
756,756,26,2022-09-18
757,757,834,2022-11-17
758,758,292,2022-08-08
759,759,690,2022-02-25
760,760,608,2022-08-30
761,761,192,2022-06-28
762,762,318,2022-08-18
763,763,215,2022-09-17
764,764,135,2022-11-10
765,765,636,2022-03-05
766,766,299,2022-07-14
767,767,932,2022-11-20
768,768,533,2022-11-10
769,769,221,2022-09-09
770,770,591,2022-01-23
771,771,406,2022-03-21
772,772,808,2022-04-16
773,773,695,2022-05-15
774,774,614,2022-06-09
775,775,297,2022-03-01
776,776,801,2022-05-02
777,777,378,2022-01-03
778,778,18,2022-02-24
779,779,277,2022-07-28
780,780,647,2022-05-17
781,781,784,2022-09-29
782,782,576,2022-01-13
783,783,694,2022-10-27
784,784,252,2022-04-15
785,785,218,2022-02-19
786,786,736,2022-01-30
787,787,549,2022-06-08
788,788,130,2022-06-25
789,789,762,2022-12-10
790,790,608,2022-05-06
791,791,726,2022-03-23
792,792,624,2022-08-07
793,793,907,2022-04-04
794,794,296,2022-12-02
795,795,58,2022-06-03
796,796,536,2022-03-23
797,797,815,2022-07-09
798,798,100,2022-02-01
799,799,916,2022-01-26
800,800,764,2022-07-03
801,801,600,2022-06-07
802,802,540,2022-12-21
803,803,623,2022-05-16
804,804,654,2022-07-07
805,805,82,2022-05-29
806,806,993,2022-08-18
807,807,599,2022-09-20
808,808,580,2022-12-27
809,809,423,2022-05-02
810,810,802,2022-10-31
811,811,787,2022-01-06
812,812,443,2022-04-08
813,813,15,2022-06-18
814,814,539,2022-04-09
815,815,406,2022-05-29
816,816,536,2022-11-23
817,817,312,2022-08-24
818,818,129,2022-09-17
819,819,997,2022-01-19
820,820,919,2022-10-10
821,821,205,2022-03-29
822,822,531,2022-07-18
823,823,88,2022-09-30
824,824,111,2022-11-07
825,825,492,2022-10-31
826,826,18,2022-04-28
827,827,970,2022-07-02
828,828,26,2022-12-15
829,829,270,2022-04-02
830,830,794,2022-03-20
831,831,127,2022-01-11
832,832,646,2022-10-15
833,833,511,2022-05-18
834,834,747,2022-10-07
835,835,713,2022-11-24
836,836,101,2022-08-31
837,837,421,2022-12-03
838,838,209,2022-03-18
839,839,934,2022-05-06
840,840,36,2022-05-22
841,841,618,2022-01-29
842,842,439,2022-06-05
843,843,865,2022-07-01
844,844,826,2022-11-30
845,845,396,2022-12-20
846,846,789,2022-04-03
847,847,636,2022-12-16
848,848,98,2022-02-06
849,849,616,2022-02-27
850,850,497,2022-08-19
851,851,897,2022-03-10
852,852,656,2022-11-29
853,853,202,2022-04-19
854,854,530,2022-01-24
855,855,2,2022-09-22
856,856,531,2022-08-15
857,857,486,2022-02-08
858,858,862,2022-02-08
859,859,558,2022-09-21
860,860,902,2022-05-26
861,861,562,2022-10-01
862,862,459,2022-10-22
863,863,350,2022-09-14
864,864,243,2022-02-17
865,865,195,2022-06-02
866,866,125,2022-02-16
867,867,349,2022-11-10
868,868,943,2022-05-26
869,869,850,2022-03-02
870,870,617,2022-10-20
871,871,451,2022-10-29
872,872,594,2022-06-22
873,873,794,2022-01-07
874,874,241,2022-06-30
875,875,444,2022-01-14
876,876,413,2022-01-31
877,877,949,2022-11-04
878,878,485,2022-09-18
879,879,616,2022-08-28
880,880,316,2022-05-25
881,881,796,2022-06-01
882,882,893,2022-08-19
883,883,173,2022-08-29
884,884,782,2022-10-04
885,885,44,2022-06-07
886,886,399,2022-07-27
887,887,736,2022-11-30
888,888,650,2022-11-07
889,889,830,2022-11-20
890,890,535,2022-11-28
891,891,551,2022-02-23
892,892,147,2022-02-13
893,893,663,2022-10-13
894,894,936,2022-08-23
895,895,539,2022-09-04
896,896,213,2022-10-07
897,897,27,2022-06-25
898,898,242,2022-05-27
899,899,993,2022-05-11
900,900,337,2022-06-22
901,901,947,2022-02-06
902,902,358,2022-04-22
903,903,16,2022-12-07
904,904,370,2022-09-06
905,905,678,2022-09-09
906,906,456,2022-12-06
907,907,381,2022-12-21
908,908,680,2022-08-06
909,909,94,2022-10-12
910,910,746,2022-08-29
911,911,678,2022-06-09
912,912,205,2022-07-10
913,913,265,2022-08-01
914,914,405,2022-01-17
915,915,72,2022-09-30
916,916,975,2022-09-02
917,917,20,2022-01-09
918,918,834,2022-03-13
919,919,831,2022-02-16
920,920,983,2022-03-15
921,921,216,2022-02-18
922,922,222,2022-01-29
923,923,387,2022-05-06
924,924,289,2022-11-28
925,925,590,2022-04-29
926,926,780,2022-06-22
927,927,968,2022-03-23
928,928,764,2022-07-02
929,929,890,2022-09-05
930,930,857,2022-05-23
931,931,646,2022-07-20
932,932,434,2022-01-11
933,933,882,2022-04-17
934,934,53,2022-10-17
935,935,378,2022-04-07
936,936,389,2022-01-15
937,937,6,2022-07-27
938,938,699,2022-08-16
939,939,555,2022-05-02
940,940,592,2022-05-15
941,941,590,2022-03-17
942,942,634,2022-07-22
943,943,90,2022-11-04
944,944,86,2022-04-17
945,945,191,2022-02-26
946,946,721,2022-02-19
947,947,385,2022-01-21
948,948,967,2022-02-18
949,949,74,2022-09-20
950,950,948,2022-08-21
951,951,196,2022-05-16
952,952,261,2022-06-18
953,953,39,2022-04-12
954,954,885,2022-06-25
955,955,654,2022-12-20
956,956,959,2022-02-01
957,957,537,2022-06-19
958,958,116,2022-01-01
959,959,124,2022-11-07
960,960,458,2022-02-26
961,961,853,2022-12-30
962,962,880,2022-01-18
963,963,351,2022-04-03
964,964,918,2022-04-23
965,965,490,2022-12-02
966,966,614,2022-05-21
967,967,129,2022-05-14
968,968,49,2022-08-26
969,969,798,2022-03-19
970,970,67,2022-12-28
971,971,850,2022-02-09
972,972,115,2022-02-10
973,973,69,2022-12-28
974,974,505,2022-01-27
975,975,328,2022-07-23
976,976,66,2022-01-30
977,977,700,2022-09-14
978,978,421,2022-12-19
979,979,67,2022-03-20
980,980,259,2022-03-15
981,981,753,2022-07-19
982,982,664,2022-08-29
983,983,602,2022-03-16
984,984,733,2022-01-08
985,985,215,2022-02-19
986,986,988,2022-10-27
987,987,977,2022-12-09
988,988,368,2022-04-25
989,989,727,2022-03-25
990,990,25,2022-06-13
991,991,525,2022-01-28
992,992,114,2022-05-21
993,993,919,2022-01-26
994,994,322,2022-02-16
995,995,279,2022-07-08
996,996,214,2022-07-12
997,997,847,2022-07-31
998,998,863,2022-10-22
999,999,374,2022-12-10
